KeyCount,AverageLookup
1000,1.5165165165165164
5000,1.5009001800360071
10000,1.4937493749374937
20000,1.4974748737436872
50000,1.499809996199924
100000,1.4995949959499595
