KeyCount,AverageLookup
1000,2.003003003003003
5000,1.991398279655931
10000,2.0034003400340032
20000,2.000750037501875
50000,2.003260065201304
100000,2.001030010300103
